﻿<?xml version="1.0" encoding="utf-8"?>
<voidpocketsnomad>

  <append xpath="/item_modifiers">

    <!--Cloth Storage-->
    <item_modifier name="Void Storage Pocket" installable_tags="pocketMod" modifier_tags="carryweight" type="attachment">
      <property name="UnlockedBy" value="bookNeedleAndThreadPockets"/>
      <property name="DisplayType" value="modCarryCapacity"/>
      <property name="Material" value="Mleather"/>
      <property name="Stacknumber" value="1"/>
      <property name="Group" value="Mods"/>
      <property name="DropMeshfile" value="#Other/Items?Misc/sack_droppedPrefab.prefab"/>

      <effect_group tiered="false">
        <passive_effect name="CarryCapacity" operation="base_add" value="100"/>
        <display_value name="dCarryCapacity" value="100"/>
      </effect_group>
    </item_modifier>

   </append>

    <set xpath="/item_modifiers/item_modifier[@name='modClothingCargoStoragePocket']">
      <property name="UnlockedBy" value="bookNeedleAndThreadPockets"/>
      <property name="DisplayType" value="modCarryCapacity"/>
      <property name="Material" value="Mleather"/>
      <property name="Stacknumber" value="1"/>
      <property name="Group" value="Mods"/>
      <property name="DropMeshfile" value="#Other/Items?Misc/sack_droppedPrefab.prefab"/>

      <effect_group tiered="false">
        <passive_effect name="CarryCapacity" operation="base_add" value="10"/>
        <display_value name="dCarryCapacity" value="10"/>
      </effect_group>
  </set>

  <set xpath="/item_modifiers/item_modifier[@name='modClothingStoragePocket']">
      <property name="DisplayType" value="modCarryCapacity"/>
      <property name="Material" value="Mleather"/>
      <property name="Stacknumber" value="1"/>
      <property name="Group" value="Mods"/>
      <property name="DropMeshfile" value="#Other/Items?Misc/sack_droppedPrefab.prefab"/>

      <effect_group tiered="false">
        <passive_effect name="CarryCapacity" operation="base_add" value="5"/>
        <display_value name="dCarryCapacity" value="5"/>
      </effect_group>
    
  </set>

  <!--Armor Storage-->
  <set xpath="/item_modifiers/item_modifier[@name='modArmorStoragePocket']">
    <property name="UnlockedBy" value="modArmorStoragePocketSchematic"/>
      <property name="DisplayType" value="modCarryCapacity"/>
      <property name="Material" value="Mleather"/>
      <property name="Stacknumber" value="1"/>
      <property name="Group" value="Mods"/>
      <property name="DropMeshfile" value="#Other/Items?Misc/sack_droppedPrefab.prefab"/>

      <effect_group tiered="false">
        <passive_effect name="CarryCapacity" operation="base_add" value="10"/>
        <display_value name="dCarryCapacity" value="10"/>
      </effect_group>
    
  </set>

  <set xpath="/item_modifiers/item_modifier[@name='modArmorDoubleStoragePocket']">
    <property name="UnlockedBy" value="modArmorDoubleStoragePocketSchematic"/>
      <property name="DisplayType" value="modCarryCapacity"/>
      <property name="Material" value="Mleather"/>
      <property name="Stacknumber" value="1"/>
      <property name="Group" value="Mods"/>
      <property name="DropMeshfile" value="#Other/Items?Misc/sack_droppedPrefab.prefab"/>

      <effect_group tiered="false">
        <passive_effect name="CarryCapacity" operation="base_add" value="20"/>
        <display_value name="dCarryCapacity" value="20"/>
      </effect_group>
    
  </set>

  <set xpath="/item_modifiers/item_modifier[@name='modArmorTripleStoragePocket']">
    <property name="UnlockedBy" value="modArmorTripleStoragePocketSchematic"/>
      <property name="DisplayType" value="modCarryCapacity"/>
      <property name="Stacknumber" value="1"/>
      <property name="Group" value="Mods"/>
      <property name="DropMeshfile" value="#Other/Items?Misc/sack_droppedPrefab.prefab"/>
      <property name="Material" value="Mleather"/>

      <effect_group tiered="false">
        <passive_effect name="CarryCapacity" operation="base_add" value="30"/>
        <display_value name="dCarryCapacity" value="30"/>
      </effect_group>
 
  </set>

</voidpocketsnomad>



