﻿<?xml version="1.0" encoding="utf-8"?>
<voidpocketsnomad>

  <append xpath="/recipes">

    <recipe name="Void Storage Pocket" count="1">
      <ingredient name="modClothingCargoStoragePocket" count="3"/>
      <ingredient name="resourceDuctTape" count="8"/>
      <ingredient name="resourceCloth" count="50"/>
      <ingredient name="resourceSewingKit" count="10"/>
      <ingredient name="resourceRawDiamond" count="5"/>

    </recipe>

  </append>



</voidpocketsnomad>


<!--













-->






